{
  "timestamp": "2025-10-27T19:30:22.931442",
  "dataset_size": 8342,
  "misclassification_analysis": {
    "total_misclassified": 4005,
    "accuracy": 0.519899304723088,
    "top_20_analysis": [
      {
        "index": 457,
        "true_label": 